<?xml version="1.0" encoding="UTF-8"?>
<!-- This file stores a copy of all RSE Systems referenced by the project 
so the systems can be automatically recreated when the project is imported in a new workspace. 
This file is automatically generated and updated by the Eclipse IDE.-->
<APSC_Memento>
<host>
<properties>
<property key="hidden.applicator.com.freescale.debugger.applicator.launchconfiguration.lc.cfv2_twrmcf52259_msd_booloader MCF52259_Internal_Flash.proj.cfv2_twrmcf52259_msd_booloader" value="com.freescale.debugger.applicator.launchconfiguration.lc.cfv2_twrmcf52259_msd_booloader MCF52259_Internal_Flash.proj.cfv2_twrmcf52259_msd_booloader"/>
<property key="host.address" value=""/>
<property key="host.defaultEncoding" value=""/>
<property key="host.defaultUser" value="B16659"/>
<property key="host.description" value=""/>
<property key="host.name" value="cfv2_twrmcf52259_msd_booloader"/>
<property key="host.promptable" value="false"/>
<property key="host.type" value="com.freescale.cdt.debug.cw.core.ui.rse.systemtype.bareboard.hardware"/>
<property key="propertySet.[OptionalPropertySet].enableConnectorServicesPropertyPage" value="false"/>
<property key="propertySet.[OptionalPropertySet].enableGenericHostPropertyPage" value="false"/>
<property key="propertySet.[com.pemicro.mcu.debug.connections.pne.cfv234].com.freescale.cdt.debug.cw.CW_SHADOWED_PREF.Embedded Initialization.simulator" value=""/>
<property key="propertySet.[com.pemicro.mcu.debug.connections.pne.cfv234].com.freescale.cdt.debug.cw.core.settings.GdiConnection.Common.PhysicalConnectionAttributeBase" value="com.pemicro.mcu.debug.connections.pne.cfv234."/>
<property key="propertySet.[com.pemicro.mcu.debug.connections.pne.cfv234].com.freescale.cdt.debug.cw.core.settings.GdiConnection.Common.SimulatorConnectionAttributeBase" value=""/>
<property key="propertySet.[com.pemicro.mcu.debug.connections.pne.cfv234].com.pemicro.mcu.debug.connections.pne.cfv234.CommandLineArgs" value=""/>
<property key="propertySet.[com.pemicro.mcu.debug.connections.pne.cfv234].com.pemicro.mcu.debug.connections.pne.cfv234.ConfigFile" value=""/>
<property key="propertySet.[com.pemicro.mcu.debug.connections.pne.cfv234].com.pemicro.mcu.debug.connections.pne.cfv234.Library" value="cf_pne_gdi"/>
<property key="propertySet.[com.pemicro.mcu.debug.connections.pne.cfv234].com.pemicro.mcu.debug.connections.pne.cfv234.STARTUP_PCI_DELAY" value="1"/>
<property key="propertySet.[com.pemicro.mcu.debug.connections.pne.cfv234].com.pemicro.mcu.debug.connections.pne.cfv234.STARTUP_PORT" value="1"/>
<property key="propertySet.[com.pemicro.mcu.debug.connections.pne.cfv234].com.pemicro.mcu.debug.connections.pne.cfv234.STARTUP_RESET_DELAY" value="0"/>
<property key="propertySet.[com.pemicro.mcu.debug.connections.pne.cfv234].com.pemicro.mcu.debug.connections.pne.cfv234.STARTUP_SPECIFY_IP" value="127.0.0.1"/>
<property key="propertySet.[com.pemicro.mcu.debug.connections.pne.cfv234].com.pemicro.mcu.debug.connections.pne.cfv234.STARTUP_SPECIFY_IP_ENABLED" value="0"/>
<property key="propertySet.[com.pemicro.mcu.debug.connections.pne.cfv234].com.pemicro.mcu.debug.connections.pne.cfv234.STARTUP_SPECIFY_NETWORKCARD" value="127.0.0.1"/>
<property key="propertySet.[com.pemicro.mcu.debug.connections.pne.cfv234].com.pemicro.mcu.debug.connections.pne.cfv234.STARTUP_SPECIFY_NETWORKCARD_ENABLED" value="0"/>
<property key="propertySet.[com.pemicro.mcu.debug.connections.pne.cfv234].com.pemicro.mcu.debug.connections.pne.cfv234.STARTUP_USE_BDM_INTERFACE_FOR_FREEZE_DETECTION" value="false"/>
<property key="propertySet.[com.pemicro.mcu.debug.connections.pne.cfv234].com.pemicro.mcu.debug.connections.pne.cfv234.STARTUP_interface_selection" value="3"/>
<property key="propertySet.[com.pemicro.mcu.debug.connections.pne.cfv234].com.pemicro.mcu.debug.connections.pne.cfv234.UUID" value="4c09e959-da77-4df4-bb45-12fc74c57452"/>
<property key="propertySet.[cw.dbg.conn].rseSystemId" value="com.freescale.cdt.debug.cw.core.ui.rse.systemtype.bareboard.hardware.system.120322144504+0700"/>
<property key="propertySet.[cw.dbg.ct.bareboard.gdi].logData" value="false"/>
<property key="propertySet.[cw.dbg.ct.targetConnLost].RetryConnectionOn" value="false"/>
<property key="propertySet.[cw.dbg.ct.targetConnLost].RetryTimeout" value="20"/>
<property key="propertySet.[cw.dbg.ct.targetConnLost].RetryWithTimeoutOn" value="false"/>
<property key="propertySet.[cw.dbg.ct.targetConnLost].TerminateConnectionOn" value="false"/>
<property key="propertySet.[cw.dbg.ct.targetConnLost].retryPromptUserActionOn" value="true"/>
<property key="propertySet.[cw.dbg.ct].Connection Type" value="com.pemicro.mcu.debug.connections.pne.cfv234"/>
<property key="propertySet.[cw.dbg.main].systemType" value="com.freescale.cw.system.coldfire.MCF5225X.MCF52259"/>
<property key="propertySet.[cw.ide.settingscache].hidden.HostID" value="com.freescale.cdt.debug.cw.core.ui.rse.systemtype.bareboard.hardware.110923001315-0400"/>
<property key="propertySet.[cw.ide.settingscache].hidden.TimeStamp" value="1316765413578"/>
</properties>
</host>
<host>
<properties>
<property key="host.address" value=""/>
<property key="host.defaultEncoding" value=""/>
<property key="host.defaultUser" value="MinhNQ2"/>
<property key="host.description" value=""/>
<property key="host.name" value="cfv2_twrmcf52259_msd_booloader Target"/>
<property key="host.promptable" value="false"/>
<property key="host.type" value="com.freescale.cdt.debug.cw.core.ui.rse.systemtype.bareboard.hardware.system"/>
<property key="propertySet.[OptionalPropertySet].enableConnectorServicesPropertyPage" value="false"/>
<property key="propertySet.[OptionalPropertySet].enableGenericHostPropertyPage" value="false"/>
<property key="propertySet.[cw.dbg.ct.bareboard.ondemand].executePerCoreReset" value="false"/>
<property key="propertySet.[cw.dbg.ct.bareboard.ondemand].executePerProcessorReset" value="false"/>
<property key="propertySet.[cw.dbg.ct.bareboard.ondemand].executeReset" value="true"/>
<property key="propertySet.[cw.dbg.ct.bareboard.ondemand].initPath" value="${workspace_loc:/cfv2_twrmcf52259_msd_booloader/cfg/MCF52259_INTERNAL_FLASH.cfg}"/>
<property key="propertySet.[cw.dbg.ct.bareboard.ondemand].memConfigPath" value="${workspace_loc:/cfv2_twrmcf52259_msd_booloader/cfg/MCF52259_INTERNAL_FLASH.mem}"/>
<property key="propertySet.[cw.dbg.ct.bareboard.ondemand].runOutOfReset" value="false"/>
<property key="propertySet.[cw.dbg.ct.bareboard.ondemand].useInitFile" value="true"/>
<property key="propertySet.[cw.dbg.ct.bareboard.ondemand].useMemoryConfigFile" value="true"/>
<property key="propertySet.[cw.dbg.ct.bareboard].executeReset" value="false"/>
<property key="propertySet.[cw.dbg.ct.bareboard].initPath" value="${workspace_loc:/cfv2_twrmcf52259_msd_booloader/cfg/MCF52259_INTERNAL_FLASH.cfg}"/>
<property key="propertySet.[cw.dbg.ct.bareboard].memConfigPath" value="${workspace_loc:/cfv2_twrmcf52259_msd_booloader/cfg/MCF52259_INTERNAL_FLASH.mem}"/>
<property key="propertySet.[cw.dbg.ct.bareboard].runOutOfReset" value="false"/>
<property key="propertySet.[cw.dbg.ct.bareboard].useInitFile" value="true"/>
<property key="propertySet.[cw.dbg.ct.bareboard].useMemoryConfigFile" value="true"/>
<property key="propertySet.[cw.dbg.main].systemType" value="com.freescale.cw.system.coldfire.MCF5225X.MCF52259"/>
<property key="propertySet.[cw.ide.settingscache].hidden.HostID" value="com.freescale.cdt.debug.cw.core.ui.rse.systemtype.bareboard.hardware.system.120322144504+0700"/>
<property key="propertySet.[cw.ide.settingscache].hidden.TimeStamp" value="1316765413578"/>
</properties>
</host>
</APSC_Memento>