<?xml version="1.0" encoding="UTF-8"?>
<APSC_Memento>
<host>
<properties>
<property key="propertySet.[cw.dbg.ct.bareboard].useNetworkGateway" value="false"/>
<property key="propertySet.[cw.dbg.ct.targetConnLost].RetryConnectionOn" value="false"/>
<property key="propertySet.[cw.dbg.ct.bareboard].memConfigPath" value="${ProjDirPath}/Project_Settings/Debugger/MCF52259.mem"/>
<property key="propertySet.[cw.dbg.ct.bareboard].networkDebuggerAddress" value="127.0.0.1"/>
<property key="propertySet.[cw.dbg.ct].Connection Type" value="com.pemicro.mcu.debug.connections.pne.cfv234"/>
<property key="propertySet.[cw.dbg.ct.bareboard].networkMACAddress" value="**-**-**-**-**-**"/>
<property key="propertySet.[cw.dbg.ct.bareboard].useNetworkMACAddress" value="false"/>
<property key="propertySet.[cw.dbg.ct.bareboard].enableStopTransferIOModelConfig" value="true"/>
<property key="propertySet.[cw.dbg.ct.bareboard].networkNetMask" value="255.255.255.255"/>
<property key="propertySet.[cw.ide.settingscache].hidden.HostID" value="com.freescale.cdt.debug.cw.core.ui.rse.systemtype.bareboard.hardware.110922130758-0400.1"/>
<property key="host.defaultEncoding" value=""/>
<property key="propertySet.[com.pemicro.mcu.debug.connections.pne.cfv234].com.freescale.cdt.debug.cw.core.settings.GdiConnection.Common.PhysicalConnectionAttributeBase" value="com.pemicro.mcu.debug.connections.pne.cfv234."/>
<property key="propertySet.[com.pemicro.mcu.debug.connections.pne.cfv234].com.pemicro.mcu.debug.connections.pne.cfv234.Library" value="cf_pne_gdi"/>
<property key="propertySet.[cw.ide.settingscache].hidden.TimeStamp" value="1316765414218"/>
<property key="propertySet.[cw.dbg.ct.bareboard].useNetworkUDPPort" value="false"/>
<property key="propertySet.[cw.dbg.ct.targetConnLost].RetryTimeout" value="20"/>
<property key="propertySet.[com.pemicro.mcu.debug.connections.pne.cfv234].com.freescale.cdt.debug.cw.core.settings.GdiConnection.Common.logData" value="false"/>
<property key="propertySet.[cw.dbg.ct.bareboard].useMemoryConfigFile" value="true"/>
<property key="propertySet.[cw.dbg.ct.bareboard].enableSerialIOModelConfig" value="false"/>
<property key="host.description" value="Generated from pre-RSE Launch Configuration"/>
<property key="propertySet.[cw.dbg.ct.targetConnLost].retryPromptUserActionOn" value="true"/>
<property key="propertySet.[com.pemicro.mcu.debug.connections.pne.cfv234].com.pemicro.mcu.debug.connections.pne.cfv234.CommandLineArgs" value="cf_icd"/>
<property key="propertySet.[cw.dbg.ct.bareboard].networkUDPPort" value="1234"/>
<property key="propertySet.[cw.dbg.ct.bareboard].ethernetController" value="UEC1"/>
<property key="propertySet.[cw.dbg.main].systemType" value="com.freescale.cw.system.coldfire.MCF5225X.MCF52259"/>
<property key="propertySet.[cw.dbg.ct.bareboard].initPath" value="${ProjDirPath}/Project_Settings/Debugger/MCF52259.cfg"/>
<property key="propertySet.[cw.dbg.ct.targetConnLost].RetryWithTimeoutOn" value="false"/>
<property key="hidden.applicator.com.freescale.debugger.applicator.launchconfiguration.lc.PTC0_twrmcf52259_MCF52259_Internal_Flash_OSBDM.proj.PTC0_twrmcf52259" value="com.freescale.debugger.applicator.launchconfiguration.lc.PTC0_twrmcf52259_MCF52259_Internal_Flash_OSBDM.proj.PTC0_twrmcf52259"/>
<property key="propertySet.[com.pemicro.mcu.debug.connections.pne.cfv234].com.pemicro.mcu.debug.connections.pne.cfv234.STARTUP_interface_selection" value="3"/>
<property key="host.promptable" value="false"/>
<property key="propertySet.[cw.dbg.ct.bareboard].useInitFile" value="true"/>
<property key="propertySet.[com.pemicro.mcu.debug.connections.pne.cfv234].com.pemicro.mcu.debug.connections.pne.cfv234.PEDEBUG_CURRENTDEVICE" value="MCF52259"/>
<property key="propertySet.[OptionalPropertySet].enableConnectorServicesPropertyPage" value="false"/>
<property key="propertySet.[cw.dbg.ct.targetConnLost].TerminateConnectionOn" value="false"/>
<property key="host.type" value="com.freescale.cdt.debug.cw.core.ui.rse.systemtype.bareboard.hardware"/>
<property key="propertySet.[cw.dbg.ct.bareboard].networkTargetAddress" value="127.0.0.1"/>
<property key="host.defaultUser" value="B16659"/>
<property key="propertySet.[OptionalPropertySet].enableGenericHostPropertyPage" value="false"/>
<property key="propertySet.[cw.dbg.ct.bareboard.gdi].logData" value="false"/>
<property key="propertySet.[cw.dbg.ct.bareboard].enableHSSTIOModelConfig" value="false"/>
<property key="propertySet.[cw.dbg.ct.bareboard].executeReset" value="true"/>
<property key="propertySet.[cw.dbg.ct.bareboard].noIOModelConfig" value="false"/>
<property key="propertySet.[cw.dbg.ct.bareboard].networkGateway" value="127.0.0.1"/>
<property key="host.name" value="PTC0_twrmcf52259_MCF52259_Internal_Flash_OSBDM"/>
<property key="propertySet.[cw.dbg.ct.bareboard].enableNetworkIOModelConfig" value="false"/>
<property key="propertySet.[com.pemicro.mcu.debug.connections.pne.cfv234].com.pemicro.mcu.debug.connections.pne.cfv234.STARTUP_PORT" value="1"/>
<property key="host.address" value=""/>
<property key="propertySet.[cw.dbg.ct.bareboard].runOutOfReset" value="false"/>
</properties>
</host>
</APSC_Memento>