<?xml version="1.0" encoding="UTF-8"?>
<APSC_Memento>
<host>
<properties>
<property key="propertySet.[cw.dbg.ct.targetConnLost].RetryConnectionOn" value="false"/>
<property key="propertySet.[cw.dbg.ct.bareboard].memConfigPath" value=""/>
<property key="propertySet.[com.pemicro.mcu.debug.connections.pne.cfv1].com.pemicro.mcu.debug.connections.pne.cfv1.STARTUP_CyclonePro_poweroffonexit" value="1"/>
<property key="propertySet.[cw.dbg.ct].Connection Type" value="com.pemicro.mcu.debug.connections.pne.cfv1"/>
<property key="propertySet.[com.pemicro.mcu.debug.connections.pne.cfv1].com.pemicro.mcu.debug.connections.pne.cfv1.UUID" value="3a3e2c0b-1b8e-43f5-9640-9708d45cc88f"/>
<property key="propertySet.[cw.ide.settingscache].hidden.HostID" value="com.freescale.cdt.debug.cw.core.ui.rse.systemtype.bareboard.hardware.110923032530-0400"/>
<property key="host.defaultEncoding" value=""/>
<property key="propertySet.[cw.ide.settingscache].hidden.TimeStamp" value="1316765413562"/>
<property key="propertySet.[cw.dbg.ct.targetConnLost].RetryTimeout" value="20"/>
<property key="propertySet.[com.pemicro.mcu.debug.connections.pne.cfv1].com.pemicro.mcu.debug.connections.pne.cfv1.Library" value="cf_pne_gdi"/>
<property key="propertySet.[cw.dbg.ct.bareboard].useMemoryConfigFile" value="false"/>
<property key="propertySet.[com.pemicro.mcu.debug.connections.pne.cfv1].com.pemicro.mcu.debug.connections.pne.cfv1.STARTUP_CyclonePro_PowerDownDelay" value="250"/>
<property key="propertySet.[com.pemicro.mcu.debug.connections.pne.cfv1].com.pemicro.mcu.debug.connections.pne.cfv1.STARTUP_SPECIFY_IP" value="127.0.0.1"/>
<property key="propertySet.[cw.dbg.ct.targetConnLost].retryPromptUserActionOn" value="true"/>
<property key="propertySet.[com.pemicro.mcu.debug.connections.pne.cfv1].com.freescale.cdt.debug.cw.CW_SHADOWED_PREF.Embedded Initialization.simulator" value=""/>
<property key="host.description" value=""/>
<property key="propertySet.[cw.dbg.main].systemType" value="com.freescale.cw.system.coldfire.MCF51JM.MCF51JM128"/>
<property key="propertySet.[cw.dbg.ct.bareboard].initPath" value=""/>
<property key="propertySet.[cw.dbg.ct.targetConnLost].RetryWithTimeoutOn" value="false"/>
<property key="host.promptable" value="false"/>
<property key="propertySet.[com.pemicro.mcu.debug.connections.pne.cfv1].com.pemicro.mcu.debug.connections.pne.cfv1.STARTUP_CyclonePro_PowerUpDelay" value="250"/>
<property key="propertySet.[com.pemicro.mcu.debug.connections.pne.cfv1].com.freescale.cdt.debug.cw.core.settings.GdiConnection.Common.PhysicalConnectionAttributeBase" value="com.pemicro.mcu.debug.connections.pne.cfv1."/>
<property key="propertySet.[cw.dbg.ct.bareboard].useInitFile" value="false"/>
<property key="propertySet.[cw.dbg.ct.targetConnLost].TerminateConnectionOn" value="false"/>
<property key="propertySet.[OptionalPropertySet].enableConnectorServicesPropertyPage" value="false"/>
<property key="propertySet.[com.pemicro.mcu.debug.connections.pne.cfv1].com.pemicro.mcu.debug.connections.pne.cfv1.STARTUP_USE_CYCLONEPRO_RELAYS" value="1"/>
<property key="host.type" value="com.freescale.cdt.debug.cw.core.ui.rse.systemtype.bareboard.hardware"/>
<property key="propertySet.[com.pemicro.mcu.debug.connections.pne.cfv1].com.pemicro.mcu.debug.connections.pne.cfv1.CommandLineArgs" value=""/>
<property key="host.defaultUser" value="B16659"/>
<property key="propertySet.[cw.dbg.ct.bareboard.gdi].logData" value="false"/>
<property key="propertySet.[OptionalPropertySet].enableGenericHostPropertyPage" value="false"/>
<property key="propertySet.[cw.dbg.ct.bareboard].executeReset" value="false"/>
<property key="propertySet.[com.pemicro.mcu.debug.connections.pne.cfv1].com.pemicro.mcu.debug.connections.pne.cfv1.STARTUP_CyclonePro_currentvoltage" value="255"/>
<property key="propertySet.[com.pemicro.mcu.debug.connections.pne.cfv1].com.freescale.cdt.debug.cw.core.settings.GdiConnection.Common.SimulatorConnectionAttributeBase" value=""/>
<property key="propertySet.[com.pemicro.mcu.debug.connections.pne.cfv1].com.pemicro.mcu.debug.connections.pne.cfv1.STARTUP_SPECIFY_NETWORKCARD" value="127.0.0.1"/>
<property key="host.name" value="MCF51JM128"/>
<property key="propertySet.[com.pemicro.mcu.debug.connections.pne.cfv1].com.pemicro.mcu.debug.connections.pne.cfv1.STARTUP_SPECIFY_NETWORKCARD_ENABLED" value="0"/>
<property key="propertySet.[com.pemicro.mcu.debug.connections.pne.cfv1].com.pemicro.mcu.debug.connections.pne.cfv1.STARTUP_SPECIFY_IP_ENABLED" value="0"/>
<property key="host.address" value=""/>
<property key="propertySet.[com.pemicro.mcu.debug.connections.pne.cfv1].com.pemicro.mcu.debug.connections.pne.cfv1.STARTUP_interface_selection" value="3"/>
<property key="hidden.applicator.com.freescale.debugger.applicator.launchconfiguration.lc.PTE2_demojm128_MCF51JM128_Internal_Flash_PnE U-MultiLink.proj.PTE2_demojm128" value="com.freescale.debugger.applicator.launchconfiguration.lc.PTE2_demojm128_MCF51JM128_Internal_Flash_PnE U-MultiLink.proj.PTE2_demojm128"/>
<property key="propertySet.[cw.dbg.ct.bareboard].runOutOfReset" value="false"/>
<property key="propertySet.[com.pemicro.mcu.debug.connections.pne.cfv1].com.pemicro.mcu.debug.connections.pne.cfv1.STARTUP_PORT" value="1"/>
<property key="propertySet.[com.pemicro.mcu.debug.connections.pne.cfv1].com.pemicro.mcu.debug.connections.pne.cfv1.ConfigFile" value=""/>
</properties>
</host>
</APSC_Memento>